"pclass","sibsp","parch"
"1","0.4787234042553192","0.4148936170212766"
"2","0.41762452107279696","0.39080459770114945"
"3","0.5411392405063291","0.4430379746835443"