"embarked","survived"
"S","0.397456279809221"
"C","0.6243386243386243"
"Q","0.2682926829268293"