"survived","fare"
"1","58.13720316622691"
"0","27.945833333333333"