"survived","age"
"1","29.67282321899736"
"0","32.08541666666667"