"pclass","survived"
"1","0.6347517730496454"
"2","0.44061302681992337"
"3","0.2689873417721519"