"sex","survived"
"female","0.8024316109422492"
"male","0.2169811320754717"